﻿Igor;82
Olga;64
Tadeusz;35
Zofia;26
Bartłomiej;45
Magdalena;19
Bartłomiej;64
Bartłomiej;30
Roman;39
Igor;20
Piotr;26
Zofia;70
Tomasz;83
Bartłomiej;32
Tadeusz;70
Zofia;27
Piotr;80
Tomasz;48
Marek;35
Tadeusz;36
Marek;58
Magdalena;49
Marek;55
Olga;61
Bogusława;34
Piotr;67
Tadeusz;40
Olga;74
Bartłomiej;52
Magdalena;26
Tomasz;80
Roman;75
Magdalena;69
Piotr;45
Tadeusz;30
Tomasz;40
Bogusława;51
Klaudia;73
Marek;27
Roman;20
Piotr;56
Marek;47
Bartłomiej;57
Magdalena;37
Tadeusz;47
Roman;50
Bogusława;72
Zofia;40
Tomasz;61
Marek;42
Bartłomiej;48
Roman;44
Igor;44
Tadeusz;59
Angelika;38
Sylwia;50
Angelika;20
Bogusława;74
Piotr;38
Anna;45
Bartłomiej;19
Sylwia;72
Bogusława;43
Roman;21
Sylwia;65
Bartłomiej;54
Bartłomiej;67
Anna;58
Bogusława;44
Klaudia;74
Klaudia;83
Angelika;55
Anna;58
Anna;69
Bartłomiej;40
Piotr;43
Angelika;62
Tadeusz;37
Zofia;66
Tadeusz;56
Magdalena;65
Bartłomiej;63
Klaudia;20
Piotr;20
Olga;30
Anna;82
Angelika;39
Roman;67
Marek;43
Tadeusz;46
Tadeusz;53
Sylwia;77
Tomasz;81
Olga;28
Klaudia;44
Angelika;68
Bartłomiej;81
Piotr;28
Zofia;81
Igor;47
Piotr;49
Piotr;27
Olga;64
Sylwia;83
Olga;51
Bartłomiej;27
Igor;61
Piotr;27
Bartłomiej;26
Tadeusz;39
Anna;66
Bogusława;64
Marek;46
Angelika;63
Sylwia;70
Magdalena;72
Zofia;52
Angelika;24
Tadeusz;73
Bartłomiej;34
Bartłomiej;31
Bartłomiej;46
Igor;33
Magdalena;57
Sylwia;63
Olga;70
Igor;73
Tomasz;24
Zofia;76
Tadeusz;67
Tomasz;57
Igor;62
Magdalena;41
Roman;27
Piotr;69
Piotr;31
Bartłomiej;29
Piotr;19
Angelika;69
Bogusława;27
Bogusława;70
Anna;74
Klaudia;49
Zofia;23
Sylwia;41
Zofia;68
Anna;21
Angelika;56
Anna;76
Angelika;18
Bartłomiej;61
Zofia;49
Magdalena;24
Tadeusz;46
Roman;34
Sylwia;64
Roman;61
Piotr;49
Klaudia;59
Tomasz;58
Anna;48
Olga;34
Igor;81
Magdalena;67
Zofia;34
Anna;21
Magdalena;82
Igor;51
Marek;66
Marek;80
Tomasz;27
Olga;37
Magdalena;51
Bartłomiej;21
Tadeusz;69
Magdalena;77
Zofia;48
Sylwia;60
Igor;49
Marek;28
Magdalena;74
Tomasz;58
Anna;70
Magdalena;52
Tomasz;63
Roman;42
Marek;64
Magdalena;67
Tadeusz;70
Bogusława;67
Anna;19
Igor;34
Bartłomiej;71
Magdalena;20
Tomasz;28
Tomasz;65
Sylwia;25
Marek;66
Igor;57
Marek;44
Roman;42
Tadeusz;49
Klaudia;25
Zofia;70
Angelika;76
Anna;67
Bogusława;73
Roman;77
Klaudia;69
Tadeusz;47
Zofia;66
Roman;26
Anna;30
Piotr;20
Bogusława;71
Tadeusz;41
Olga;60
Angelika;26
Igor;57
Bartłomiej;48
Sylwia;23
Olga;83
Klaudia;75
Roman;71
Tomasz;58
Zofia;25
Magdalena;72
Bartłomiej;60
Angelika;19
Olga;72
Roman;65
Roman;65
Klaudia;35
Olga;18
Tomasz;39
Olga;48
Anna;63
Piotr;58
Tomasz;75
Piotr;64
Igor;22
Anna;42
Zofia;72
Bogusława;19
Olga;80
Magdalena;40
Igor;50
Tomasz;51
Angelika;57
Bartłomiej;49
Zofia;63
Anna;32
Magdalena;28
Marek;53
Sylwia;38
Tomasz;79
Bartłomiej;71
Olga;60
Bogusława;42
Sylwia;37
Angelika;38
Tadeusz;48
Zofia;70
Bogusława;82
Tomasz;51
Marek;20
Marek;44
Igor;24
Olga;68
Bartłomiej;77
Piotr;38
Igor;29
Piotr;46
Angelika;35
Sylwia;50
Tadeusz;40
Marek;32
Olga;39
Tomasz;60
Angelika;50
Klaudia;34
Tomasz;23
Tomasz;24
Klaudia;82
Angelika;39
Zofia;25
Tadeusz;57
Tadeusz;40
Zofia;61
Sylwia;81
Roman;68
Piotr;28
Zofia;48
Klaudia;40
Zofia;23
Zofia;20
Magdalena;32
Igor;33
Bogusława;75
Olga;63
